{
    "items": [
        {
            "name": "DownloadBin",
            "file": "\\\\10.10.10.171\\hwg\\rtt\\rk2118_test\\bsp\\rockchip\\rk2118\\rkbin\\rk2118_db_loader.bin",
            "address": "",
            "state": true
        },
        {
            "name": "Firmware.img",
            "file": "\\\\10.10.10.171\\hwg\\rtt\\rk2118_test\\bsp\\rockchip\\rk2118\\Image\\Firmware.img",
            "address": "0x00000000",
            "state": true
        },
        {
            "name": "rtt0",
            "file": "\\\\10.10.10.171\\hwg\\rtt\\rk2118_test\\bsp\\rockchip\\rk2118\\Image\\rtt0.img",
            "address": "0x00060000",
            "state": false
        },
        {
            "name": "dsp0",
            "file": "\\\\10.10.10.171\\hwg\\rtt\\rk2118_test\\components\\hifi4\\rtt\\dsp_fw\\dsp0.bin",
            "address": "0x00120000",
            "state": false
        },
        {
            "name": "dsp1",
            "file": "\\\\10.10.10.171\\hwg\\rtt\\rk2118_test\\components\\hifi4\\rtt\\dsp_fw\\dsp1.bin",
            "address": "0x00220000",
            "state": false
        },
        {
            "name": "dsp2",
            "file": "\\\\10.10.10.171\\hwg\\rtt\\rk2118_test\\components\\hifi4\\rtt\\dsp_fw\\dsp2.bin",
            "address": "0x002E0000",
            "state": false
        },
        {
            "name": "rtt1",
            "file": "\\\\10.10.10.171\\hwg\\rtt\\rk2118_test\\bsp\\rockchip\\rk2118\\Image\\rtt1.img",
            "address": "0x003A0000",
            "state": false
        }
    ]
}