{
    "items": [
        {
            "name": "DownloadBin",
            "file": "bsp\\rockchip\\rk2118\\Image\\MiniLoaderAllDDR.bin",
            "address": "",
            "state": false
        },
        {
            "name": "loader",
            "file": "loader.img",
            "address": "0x00000000",
            "state": false
        },
        {
            "name": "vnvm",
            "file": "vnvm.img",
            "address": "0x00140000",
            "state": false
        },
        {
            "name": "cpu0_secure_a",
            "file": "bsp\\rockchip\\rk2118\\Image\\tfm_s.img",
            "address": "0x00200000",
            "state": false
        },
        {
            "name": "cpu1_secure",
            "file": "bsp\\rockchip\\rk2118\\rkbin\\cpu1_loader.bin",
            "address": "0x00300000",
            "state": false
        },
        {
            "name": "cpu0_secure_b",
            "file": "bsp\\rockchip\\rk2118\\Image\\tfm_s.img",
            "address": "0x00400000",
            "state": false
        },
        {
            "name": "recovery",
            "file": "bsp\\rockchip\\rk2118\\Image\\recovery.img",
            "address": "0x00500000",
            "state": false
        },
        {
            "name": "misc",
            "file": "bsp\\rockchip\\rk2118\\Image\\misc.img",
            "address": "0x00600000",
            "state": false
        },
        {
            "name": "cpu0_os_a",
            "file": "bsp\\rockchip\\rk2118\\Image\\rtt0.img",
            "address": "0x00680000",
            "state": false
        },
        {
            "name": "dsp0",
            "file": "components\\hifi4\\rtt\\dsp_fw\\dsp0.bin",
            "address": "0x00780000",
            "state": false
        },
        {
            "name": "dsp1",
            "file": "components\\hifi4\\rtt\\dsp_fw\\dsp1.bin",
            "address": "0x01180000",
            "state": false
        },
        {
            "name": "dsp2",
            "file": "components\\hifi4\\rtt\\dsp_fw\\dsp2.bin",
            "address": "0x01B80000",
            "state": false
        },
        {
            "name": "cpu1_os",
            "file": "bsp\\rockchip\\rk2118\\Image\\rtt1.img",
            "address": "0x02580000",
            "state": false
        },
        {
            "name": "cpu0_os_b",
            "file": "bsp\\rockchip\\rk2118\\Image\\rtt0.img",
            "address": "0x02680000",
            "state": false
        },
        {
            "name": "root",
            "file": "bsp\\rockchip\\rk2118\\Image\\root.img",
            "address": "0x02780000",
            "state": false
        }
    ]
}